race,mean,std,count
0,0.2885371930728841,2.2135381724687555,5265
1,-1.950812292501674,4.047834238023289,405
2,-0.01101070560407404,2.61609771863963,1553
3,-0.469390252964426,4.2167605553259335,1452
4,-3.6607725332133287,5.6923499072546475,1103
