race,count,mean,std,min,max
0,5265,0.2885371930728841,2.2135381724687555,-16.87763214111328,25.92158317565918
1,405,-1.950812292501674,4.047834238023289,-14.058228492736816,11.180784225463867
2,1553,-0.01101070560407404,2.61609771863963,-19.02991485595703,12.898441314697266
3,1452,-0.469390252964426,4.2167605553259335,-18.75615119934082,21.540809631347656
4,1103,-3.6607725332133287,5.6923499072546475,-27.51004409790039,20.412912368774414
