{
  "race_statistics": {
    "African American": {
      "count": 405,
      "mean": 1.895,
      "std": 0.0273,
      "min": 1.8793,
      "25%": 1.8793,
      "50%": 1.8793,
      "75%": 1.8914,
      "max": 1.9441
    },
    "Asian": {
      "count": 1553,
      "mean": 1.0468,
      "std": 0.1338,
      "min": 0.9996,
      "25%": 0.9996,
      "50%": 0.9996,
      "75%": 1.0026,
      "max": 1.9441
    },
    "Caucasian": {
      "count": 5265,
      "mean": 0.6317,
      "std": 0.0249,
      "min": 0.3823,
      "25%": 0.6371,
      "50%": 0.6371,
      "75%": 0.6371,
      "max": 0.6371
    },
    "Indian": {
      "count": 1452,
      "mean": 1.3693,
      "std": 0.2135,
      "min": 1.2656,
      "25%": 1.2656,
      "50%": 1.2656,
      "75%": 1.3046,
      "max": 1.9441
    },
    "Others": {
      "count": 1103,
      "mean": 1.8774,
      "std": 0.4282,
      "min": 0.3823,
      "25%": 1.6511,
      "50%": 2.0169,
      "75%": 2.2576,
      "max": 2.2593
    }
  },
  "overall_statistics": {
    "overall_mean": 1.0,
    "overall_std": 0.4943083723385421,
    "min_weight": 0.3822878502067056,
    "max_weight": 2.259299244074444,
    "num_samples": 9778,
    "num_races": 5
  },
  "fairness_metrics": {
    "max_mean_weight": 1.8950167061955243,
    "min_mean_weight": 0.6316722353985084,
    "weight_ratio": 2.9999999999999987,
    "coefficient_of_variation": 0.3986034003131423
  }
}