{
  "total_loss": [
    10.545494438920702,
    1.9625777102246575,
    1.18392258450693,
    1.4373304459209344,
    0.8965566067975395,
    0.7941270757998738,
    0.5763191130696511,
    0.6912943960148461,
    0.5320075629621136,
    0.7191897557098038,
    0.45532336694245434,
    0.6127940958555864,
    0.4067775318513111,
    0.5166781896535231,
    0.5316500256560287,
    0.5008137065537122,
    0.4422771909407207,
    0.43714444187222695
  ],
  "ce_loss": [
    10.498857951529171,
    1.8898806488635589,
    1.1040502295506245,
    1.3570463121393506,
    0.8152010055581982,
    0.713007532702231,
    0.49330171579994,
    0.6095588109998878,
    0.4496954581618893,
    0.6373907542182919,
    0.3715811896773574,
    0.5307838280684058,
    0.3233604760774161,
    0.433789617877943,
    0.44920545774734727,
    0.41784880308140954,
    0.35846214391964093,
    0.3533006990487314
  ],
  "fairness_penalty": [
    0.11927211594824888,
    0.18305692485704714,
    0.20592098284740837,
    0.21036315487355603,
    0.21146617483119576,
    0.21398513907072494,
    0.21250573189891114,
    0.21158957986199126,
    0.2122248330286571,
    0.21346807394708905,
    0.2136774408574007,
    0.21262694609408475,
    0.21407461361009247,
    0.2143386821965782,
    0.21482887122095848,
    0.21377126069701446,
    0.21491071673072115,
    0.21618496690477643
  ],
  "train_metrics": [
    {
      "per_race_accuracy": {
        "Caucasian": 0.0345475910693302,
        "African American": 0.11490683229813664,
        "Asian": 0.5143325143325144,
        "Indian": 0.47285464098073554,
        "Others": 0.3827859569648924
      },
      "accuracy_variance": 0.03746392891760457,
      "accuracy_std": 0.19355600976876064,
      "max_min_gap": 0.47978492326318417
    },
    {
      "per_race_accuracy": {
        "Caucasian": 0.0004700352526439483,
        "African American": 0.11490683229813664,
        "Asian": 0.6666666666666666,
        "Indian": 0.6260945709281961,
        "Others": 0.5662514156285391
      },
      "accuracy_variance": 0.07812810539697611,
      "accuracy_std": 0.2795140522352608,
      "max_min_gap": 0.6661966314140226
    },
    {
      "per_race_accuracy": {
        "Caucasian": 0.0018801410105757932,
        "African American": 0.30434782608695654,
        "Asian": 0.7641277641277642,
        "Indian": 0.7241681260945709,
        "Others": 0.6749716874292185
      },
      "accuracy_variance": 0.08736939573204482,
      "accuracy_std": 0.2955831452096767,
      "max_min_gap": 0.7622476231171884
    },
    {
      "per_race_accuracy": {
        "Caucasian": 0.00023501762632197415,
        "African American": 0.43788819875776397,
        "Asian": 0.7870597870597871,
        "Indian": 0.7294220665499125,
        "Others": 0.7406568516421291
      },
      "accuracy_variance": 0.08779019921229446,
      "accuracy_std": 0.2962941093108239,
      "max_min_gap": 0.7868247694334651
    },
    {
      "per_race_accuracy": {
        "Caucasian": 0.0,
        "African American": 0.5217391304347826,
        "Asian": 0.7977067977067978,
        "Indian": 0.7548161120840631,
        "Others": 0.7734994337485843
      },
      "accuracy_variance": 0.09092950197503705,
      "accuracy_std": 0.30154519060173557,
      "max_min_gap": 0.7977067977067978
    },
    {
      "per_race_accuracy": {
        "Caucasian": 0.0,
        "African American": 0.6118012422360248,
        "Asian": 0.7993447993447993,
        "Indian": 0.7810858143607706,
        "Others": 0.8018120045300113
      },
      "accuracy_variance": 0.09467813611192802,
      "accuracy_std": 0.30769812497304566,
      "max_min_gap": 0.8018120045300113
    },
    {
      "per_race_accuracy": {
        "Caucasian": 0.0,
        "African American": 0.6180124223602484,
        "Asian": 0.8198198198198198,
        "Indian": 0.819614711033275,
        "Others": 0.82559456398641
      },
      "accuracy_variance": 0.1012779100863164,
      "accuracy_std": 0.31824190498159793,
      "max_min_gap": 0.82559456398641
    },
    {
      "per_race_accuracy": {
        "Caucasian": 0.00023501762632197415,
        "African American": 0.6677018633540373,
        "Asian": 0.7977067977067978,
        "Indian": 0.7854640980735552,
        "Others": 0.8086070215175538
      },
      "accuracy_variance": 0.09611804078335269,
      "accuracy_std": 0.3100290966721554,
      "max_min_gap": 0.8083720038912319
    },
    {
      "per_race_accuracy": {
        "Caucasian": 0.0,
        "African American": 0.7329192546583851,
        "Asian": 0.8165438165438166,
        "Indian": 0.7985989492119089,
        "Others": 0.8142695356738392
      },
      "accuracy_variance": 0.10092828449357454,
      "accuracy_std": 0.31769212217739135,
      "max_min_gap": 0.8165438165438166
    },
    {
      "per_race_accuracy": {
        "Caucasian": 0.0,
        "African American": 0.7360248447204969,
        "Asian": 0.8149058149058149,
        "Indian": 0.8248686514886164,
        "Others": 0.8335220838052095
      },
      "accuracy_variance": 0.10420453048686826,
      "accuracy_std": 0.3228072652324731,
      "max_min_gap": 0.8335220838052095
    },
    {
      "per_race_accuracy": {
        "Caucasian": 0.0,
        "African American": 0.7701863354037267,
        "Asian": 0.8525798525798526,
        "Indian": 0.8380035026269702,
        "Others": 0.853907134767837
      },
      "accuracy_variance": 0.11081403403001693,
      "accuracy_std": 0.3328874194529089,
      "max_min_gap": 0.853907134767837
    },
    {
      "per_race_accuracy": {
        "Caucasian": 0.0,
        "African American": 0.7981366459627329,
        "Asian": 0.828009828009828,
        "Indian": 0.8555166374781086,
        "Others": 0.8731596828992072
      },
      "accuracy_variance": 0.11319434669081926,
      "accuracy_std": 0.3364436753615964,
      "max_min_gap": 0.8731596828992072
    },
    {
      "per_race_accuracy": {
        "Caucasian": 0.0,
        "African American": 0.7546583850931677,
        "Asian": 0.80999180999181,
        "Indian": 0.8038528896672504,
        "Others": 0.8187995469988675
      },
      "accuracy_variance": 0.1020857127127367,
      "accuracy_std": 0.31950854873185586,
      "max_min_gap": 0.8187995469988675
    },
    {
      "per_race_accuracy": {
        "Caucasian": 0.0,
        "African American": 0.7546583850931677,
        "Asian": 0.8042588042588042,
        "Indian": 0.8336252189141856,
        "Others": 0.8482446206115515
      },
      "accuracy_variance": 0.10605026622339728,
      "accuracy_std": 0.32565359851135883,
      "max_min_gap": 0.8482446206115515
    },
    {
      "per_race_accuracy": {
        "Caucasian": 0.0,
        "African American": 0.7111801242236024,
        "Asian": 0.8402948402948403,
        "Indian": 0.8336252189141856,
        "Others": 0.8301245753114382
      },
      "accuracy_variance": 0.10567527080287623,
      "accuracy_std": 0.3250773304967238,
      "max_min_gap": 0.8402948402948403
    },
    {
      "per_race_accuracy": {
        "Caucasian": 0.0,
        "African American": 0.7732919254658385,
        "Asian": 0.8402948402948403,
        "Indian": 0.8274956217162872,
        "Others": 0.8471121177802945
      },
      "accuracy_variance": 0.10879582875716545,
      "accuracy_std": 0.3298421270201328,
      "max_min_gap": 0.8471121177802945
    },
    {
      "per_race_accuracy": {
        "Caucasian": 0.0,
        "African American": 0.7950310559006211,
        "Asian": 0.8427518427518428,
        "Indian": 0.850262697022767,
        "Others": 0.8267270668176671
      },
      "accuracy_variance": 0.11023715689268106,
      "accuracy_std": 0.33201981400615393,
      "max_min_gap": 0.850262697022767
    },
    {
      "per_race_accuracy": {
        "Caucasian": 0.0,
        "African American": 0.8229813664596274,
        "Asian": 0.846027846027846,
        "Indian": 0.8476357267950964,
        "Others": 0.8369195922989807
      },