{
  "baseline": {
    "overall_accuracy": 0.721881390593047,
    "per_race_metrics": {
      "Caucasian": {
        "accuracy": 0.8977556109725686,
        "count": 802,
        "avg_confidence": 0.9446805119514465,
        "correct": 720,
        "incorrect": 82
      },
      "African American": {
        "accuracy": 0.2638888888888889,
        "count": 72,
        "avg_confidence": 0.8043369650840759,
        "correct": 19,
        "incorrect": 53
      },
      "Asian": {
        "accuracy": 0.717741935483871,
        "count": 248,
        "avg_confidence": 0.9038011431694031,
        "correct": 178,
        "incorrect": 70
      },
      "Indian": {
        "accuracy": 0.5767195767195767,
        "count": 189,
        "avg_confidence": 0.8520493507385254,
        "correct": 109,
        "incorrect": 80
      },
      "Others": {
        "accuracy": 0.21153846153846154,
        "count": 156,
        "avg_confidence": 0.8387410044670105,
        "correct": 33,
        "incorrect": 123
      }
    },
    "accuracy_variance": 0.06896891040724515,
    "accuracy_std": 0.26261932603531896,
    "max_min_gap": 0.686217149434107,
    "mean_accuracy": 0.5335288947206733,
    "demographic_parity": {
      "Caucasian": 0.5466939331970007,
      "African American": 0.049079754601226995,
      "Asian": 0.169052488070893,
      "Indian": 0.12883435582822086,
      "Others": 0.10633946830265849
    },
    "equalized_odds": {
      "Caucasian": {
        "tpr": 0.8977556109725686,
        "fpr": 0.0
      },
      "African American": {
        "tpr": 0.2638888888888889,
        "fpr": 0.0
      },
      "Asian": {
        "tpr": 0.717741935483871,
        "fpr": 0.0
      },
      "Indian": {
        "tpr": 0.5767195767195767,
        "fpr": 0.0
      },
      "Others": {
        "tpr": 0.21153846153846154,
        "fpr": 0.0
      }
    }
  },
  "mitigated": {
    "overall_accuracy": 0.8398091342876619,
    "per_race_metrics": {
      "Caucasian": {
        "accuracy": 0.9226932668329177,
        "count": 802,
        "avg_confidence": 0.9817608594894409,
        "correct": 740,
        "incorrect": 62
      },
      "African American": {
        "accuracy": 0.6111111111111112,
        "count": 72,
        "avg_confidence": 0.9437721967697144,
        "correct": 44,
        "incorrect": 28
      },
      "Asian": {
        "accuracy": 0.8951612903225806,
        "count": 248,
        "avg_confidence": 0.9690372347831726,
        "correct": 222,
        "incorrect": 26
      },
      "Indian": {
        "accuracy": 0.8095238095238095,
        "count": 189,
        "avg_confidence": 0.9469438791275024,
        "correct": 153,
        "incorrect": 36
      },
      "Others": {
        "accuracy": 0.46794871794871795,
        "count": 156,
        "avg_confidence": 0.9198895692825317,
        "correct": 73,
        "incorrect": 83
      }
    },
    "accuracy_variance": 0.03058027430464765,
    "accuracy_std": 0.17487216560861724,
    "max_min_gap": 0.4547445488841998,
    "mean_accuracy": 0.7412876391478275,
    "demographic_parity": {
      "Caucasian": 0.5466939331970007,
      "African American": 0.049079754601226995,
      "Asian": 0.169052488070893,
      "Indian": 0.12883435582822086,
      "Others": 0.10633946830265849
    },
    "equalized_odds": {
      "Caucasian": {
        "tpr": 0.9226932668329177,
        "fpr": 0.0
      },
      "African American": {
        "tpr": 0.6111111111111112,
        "fpr": 0.0
      },
      "Asian": {
        "tpr": 0.8951612903225806,
        "fpr": 0.0
      },
      "Indian": {
        "tpr": 0.8095238095238095,
        "fpr": 0.0
      },
      "Others": {
        "tpr": 0.46794871794871795,
        "fpr": 0.0
      }
    }
  },
  "verdict": {
    "fairness_improved": true,
    "utility_maintained": true,
    "std_reduction": 0.08774716042670172,
    "gap_reduction": 0.23147260054990726,
    "mean_accuracy_change": 0.20775874442715414
  }
}