{
  "total_loss": [
    2.4460122533769253,
    0.8373065196395477,
    0.36022185558609876,
    0.24325991007629957,
    0.21424817610706123,
    0.1330496099207411,
    0.12758095537651784,
    0.0909947376460529,
    0.07004649845489397,
    0.057052201812294805,
    0.04404150086379432,
    0.04435579858110482,
    0.0334340117242901,
    0.02554084190127911,
    0.017311732960130777,
    0.011819865297970397,
    0.012951059036159703,
    0.010203335963932294,
    0.006607629114343887,
    0.004939735899442384,
    0.008004208465880314,
    0.008478700377931957,
    0.0024661999976492086,
    0.0026592191075039164,
    0.004452957680132598
  ],
  "ce_loss": [
    1.0507213448252632,
    0.5065353722703234,
    0.3291702237084647,
    0.23519112803390094,
    0.19064731861107817,
    0.13289749242635182,
    0.12484810345101162,
    0.09088454239269518,
    0.06998232448915298,
    0.05699535826913072,
    0.04399084451428297,
    0.044310031039721906,
    0.03340546451139081,
    0.0255188038063012,
    0.017290308693769033,
    0.011810463413796718,
    0.012943210937494506,
    0.010195605525253672,
    0.006604132354938127,
    0.004936582737139012,
    0.007999608837763275,
    0.008474578257177217,
    0.00246482606184502,
    0.002656024322915013,
    0.004450430401415165
  ],
  "fairness_penalty": [
    0.022699875369228458,
    0.016624767067798665,
    0.009105631602366637,
    0.005612406583729191,
    0.004727434948202066,
    0.0030423424649487518,
    0.0027359414328364047,
    0.002203896678315049,
    0.001283473694788414,
    0.001136868446303758,
    0.0010131212200525557,
    0.0009153454201937889,
    0.0005709420762864751,
    0.0004407605052943054,
    0.00042848357162111937,
    0.00018803609935479743,
    0.00015696375285357967,
    0.0001546101589963519,
    6.993372829970425e-05,
    6.30632006437039e-05,
    9.199262109245653e-05,
    8.244392087804936e-05,
    2.7478774291437085e-05,
    6.389537408390892e-05,
    5.054591094670277e-05
  ],
  "train_metrics": [
    {
      "per_race_accuracy": {
        "Caucasian": 0.6196769456681351,
        "African American": 0.7648335745296672,
        "Asian": 0.6577380952380952,
        "Indian": 0.582659808963997,
        "Others": 0.49821045096635647
      },
      "accuracy_variance": 0.007704224029624988,
      "accuracy_std": 0.08777370921651305,
      "max_min_gap": 0.2666231235633107,
      "mean_accuracy": 0.6246237750732503,
      "min_accuracy": 0.49821045096635647
    },
    {
      "per_race_accuracy": {
        "Caucasian": 0.7875536480686696,
        "African American": 0.9315673289183223,
        "Asian": 0.8738862234407128,
        "Indian": 0.8022058823529412,
        "Others": 0.6834645669291338
      },
      "accuracy_variance": 0.007054277258925971,
      "accuracy_std": 0.08398974496285824,
      "max_min_gap": 0.24810276198918846,
      "mean_accuracy": 0.815735529941956,
      "min_accuracy": 0.6834645669291338
    },
    {
      "per_race_accuracy": {
        "Caucasian": 0.8432080924855492,
        "African American": 0.9764117226590422,
        "Asian": 0.9131419939577039,
        "Indian": 0.8814923189465984,
        "Others": 0.8185131195335277
      },
      "accuracy_variance": 0.0030630762941279096,
      "accuracy_std": 0.055345065671005486,
      "max_min_gap": 0.15789860312551451,
      "mean_accuracy": 0.8865534495164843,
      "min_accuracy": 0.8185131195335277
    },
    {
      "per_race_accuracy": {
        "Caucasian": 0.8787456445993032,
        "African American": 0.9790262172284644,
        "Asian": 0.9454148471615721,
        "Indian": 0.9088872292755787,
        "Others": 0.8936170212765957
      },
      "accuracy_variance": 0.0013290016902934936,
      "accuracy_std": 0.03645547545010891,
      "max_min_gap": 0.10028057262916124,
      "mean_accuracy": 0.9211381919083028,
      "min_accuracy": 0.8787456445993032
    },
    {
      "per_race_accuracy": {
        "Caucasian": 0.9048689138576779,
        "African American": 0.9884559884559885,
        "Asian": 0.9551820728291317,
        "Indian": 0.946067415730337,
        "Others": 0.9038179148311307
      },
      "accuracy_variance": 0.0010316222501595101,
      "accuracy_std": 0.03211887685084132,
      "max_min_gap": 0.08463807362485776,
      "mean_accuracy": 0.9396784611408531,
      "min_accuracy": 0.9038179148311307
    },
    {
      "per_race_accuracy": {
        "Caucasian": 0.9231884057971015,
        "African American": 0.9920347574221579,
        "Asian": 0.9725519287833828,
        "Indian": 0.9559372666168783,
        "Others": 0.9370529327610873
      },
      "accuracy_variance": 0.0006015897922626826,
      "accuracy_std": 0.024527327458626277,
      "max_min_gap": 0.06884635162505637,
      "mean_accuracy": 0.9561530582761216,
      "min_accuracy": 0.9231884057971015
    },
    {
      "per_race_accuracy": {
        "Caucasian": 0.9310595065312046,
        "African American": 0.9877394636015325,
        "Asian": 0.9758771929824561,
        "Indian": 0.9673295454545454,
        "Others": 0.9437635183850036
      },
      "accuracy_variance": 0.00043396080719871764,
      "accuracy_std": 0.020831725977429657,
      "max_min_gap": 0.05667995707032791,
      "mean_accuracy": 0.9611538453909484,
      "min_accuracy": 0.9310595065312046
    },
    {
      "per_race_accuracy": {
        "Caucasian": 0.9421793921423276,
        "African American": 0.9932785660941,
        "Asian": 0.9773887673231219,
        "Indian": 0.9791376912378303,
        "Others": 0.9540400296515937
      },
      "accuracy_variance": 0.00034110575859910266,
      "accuracy_std": 0.018469048665242686,
      "max_min_gap": 0.051099173951772436,
      "mean_accuracy": 0.9692048892897948,
      "min_accuracy": 0.9421793921423276
    },
    {
      "per_race_accuracy": {
        "Caucasian": 0.9612856099342586,
        "African American": 0.9956236323851203,
        "Asian": 0.9866171003717472,
        "Indian": 0.9822353811991118,
        "Others": 0.973758865248227
      },
      "accuracy_variance": 0.0001364030053816355,
      "accuracy_std": 0.011679169721415795,
      "max_min_gap": 0.034338022450861705,
      "mean_accuracy": 0.979904117827693,
      "min_accuracy": 0.9612856099342586
    },
    {
      "per_race_accuracy": {
        "Caucasian": 0.963773069036227,
        "African American": 0.9962630792227205,
        "Asian": 0.9888641425389755,
        "Indian": 0.9846041055718475,
        "Others": 0.9760119940029985
      },
      "accuracy_variance": 0.0001250727400124531,
      "accuracy_std": 0.011183592446635969,
      "max_min_gap": 0.032490010186493556,
      "mean_accuracy": 0.9819032780745538,
      "min_accuracy": 0.963773069036227
    },
    {
      "per_race_accuracy": {
        "Caucasian": 0.962582538517975,
        "African American": 0.9978662873399715,
        "Asian": 0.9916094584286804,
        "Indian": 0.9886039886039886,
        "Others": 0.9845814977973568
      },
      "accuracy_variance": 0.00014498417261097452,
      "accuracy_std": 0.012040937364299115,
      "max_min_gap": 0.035283748821996475,
      "mean_accuracy": 0.9850487541375944,
      "min_accuracy": 0.962582538517975
    },
    {
      "per_race_accuracy": {
        "Caucasian": 0.9672364672364673,
        "African American": 0.9970457902511078,
        "Asian": 0.9955323901712584,
        "Indian": 0.9870503597122302,
        "Others": 0.9822878228782288
      },
      "accuracy_variance": 0.0001159372163215827,
      "accuracy_std": 0.010767414560681813,
      "max_min_gap": 0.029809323014640565,
      "mean_accuracy": 0.9858305660498585,
      "min_accuracy": 0.9672364672364673
    },
    {
      "per_race_accuracy": {
        "Caucasian": 0.9745824255628177,
        "African American": 0.9992503748125937,
        "Asian": 0.9932483120780196,
        "Indian": 0.993594306049822,
        "Others": 0.9921259842519685
      },
      "accuracy_variance": 6.993836811914908e-05,