{
  "baseline": {
    "overall_accuracy": 0.721881390593047,
    "per_race_metrics": {
      "Caucasian": {
        "accuracy": 0.8977556109725686,
        "count": 802,
        "avg_confidence": 0.9446805119514465,
        "correct": 720,
        "incorrect": 82
      },
      "African American": {
        "accuracy": 0.2638888888888889,
        "count": 72,
        "avg_confidence": 0.8043369650840759,
        "correct": 19,
        "incorrect": 53
      },
      "Asian": {
        "accuracy": 0.717741935483871,
        "count": 248,
        "avg_confidence": 0.9038011431694031,
        "correct": 178,
        "incorrect": 70
      },
      "Indian": {
        "accuracy": 0.5767195767195767,
        "count": 189,
        "avg_confidence": 0.8520493507385254,
        "correct": 109,
        "incorrect": 80
      },
      "Others": {
        "accuracy": 0.21153846153846154,
        "count": 156,
        "avg_confidence": 0.8387410044670105,
        "correct": 33,
        "incorrect": 123
      }
    },
    "accuracy_variance": 0.06896891040724515,
    "accuracy_std": 0.26261932603531896,
    "max_min_gap": 0.686217149434107,
    "mean_accuracy": 0.5335288947206733,
    "demographic_parity": {
      "Caucasian": 0.5466939331970007,
      "African American": 0.049079754601226995,
      "Asian": 0.169052488070893,
      "Indian": 0.12883435582822086,
      "Others": 0.10633946830265849
    },
    "equalized_odds": {
      "Caucasian": {
        "tpr": 0.8977556109725686,
        "fpr": 0.0
      },
      "African American": {
        "tpr": 0.2638888888888889,
        "fpr": 0.0
      },
      "Asian": {
        "tpr": 0.717741935483871,
        "fpr": 0.0
      },
      "Indian": {
        "tpr": 0.5767195767195767,
        "fpr": 0.0
      },
      "Others": {
        "tpr": 0.21153846153846154,
        "fpr": 0.0
      }
    }
  },
  "mitigated": {
    "overall_accuracy": 0.43694614860259035,
    "per_race_metrics": {
      "Caucasian": {
        "accuracy": 0.0,
        "count": 802,
        "avg_confidence": 0.9252479076385498,
        "correct": 0,
        "incorrect": 802
      },
      "African American": {
        "accuracy": 0.9583333333333334,
        "count": 72,
        "avg_confidence": 0.9826892018318176,
        "correct": 69,
        "incorrect": 3
      },
      "Asian": {
        "accuracy": 0.9879032258064516,
        "count": 248,
        "avg_confidence": 0.9974318742752075,
        "correct": 245,
        "incorrect": 3
      },
      "Indian": {
        "accuracy": 0.9682539682539683,
        "count": 189,
        "avg_confidence": 0.993100106716156,
        "correct": 183,
        "incorrect": 6
      },
      "Others": {
        "accuracy": 0.9230769230769231,
        "count": 156,
        "avg_confidence": 0.9828192591667175,
        "correct": 144,
        "incorrect": 12
      }
    },
    "accuracy_variance": 0.14771150538217714,
    "accuracy_std": 0.38433254530702593,
    "max_min_gap": 0.9879032258064516,
    "mean_accuracy": 0.7675134900941354,
    "demographic_parity": {
      "Caucasian": 0.5466939331970007,
      "African American": 0.049079754601226995,
      "Asian": 0.169052488070893,
      "Indian": 0.12883435582822086,
      "Others": 0.10633946830265849
    },
    "equalized_odds": {
      "Caucasian": {
        "tpr": 0.0,
        "fpr": 0.0
      },
      "African American": {
        "tpr": 0.9583333333333334,
        "fpr": 0.0
      },
      "Asian": {
        "tpr": 0.9879032258064516,
        "fpr": 0.0
      },
      "Indian": {
        "tpr": 0.9682539682539683,
        "fpr": 0.0
      },
      "Others": {
        "tpr": 0.9230769230769231,
        "fpr": 0.0
      }
    }
  },
  "verdict": {
    "fairness_improved": false,
    "utility_maintained": true,
    "std_reduction": -0.12171321927170697,
    "gap_reduction": -0.30168607637234457,
    "mean_accuracy_change": 0.23398459537346206
  }
}