{
  "race_statistics": {
    "African American": {
      "count": 405,
      "mean": 3.0653,
      "std": 1.9404,
      "min": 0.538,
      "25%": 1.0617,
      "50%": 2.8605,
      "75%": 5.38,
      "max": 5.38,
      "skew": 0.022,
      "kurtosis": 1.3257
    },
    "Asian": {
      "count": 1553,
      "mean": 1.521,
      "std": 1.6303,
      "min": 0.538,
      "25%": 0.5384,
      "50%": 0.566,
      "75%": 1.8309,
      "max": 5.38,
      "skew": 1.532,
      "kurtosis": 3.7899
    },
    "Caucasian": {
      "count": 5265,
      "mean": 0.5077,
      "std": 0.1058,
      "min": 0.0538,
      "25%": 0.5379,
      "50%": 0.538,
      "75%": 0.538,
      "max": 0.538,
      "skew": -3.7209,
      "kurtosis": 15.5062
    },
    "Indian": {
      "count": 1452,
      "mean": 2.2404,
      "std": 1.9432,
      "min": 0.538,
      "25%": 0.5509,
      "50%": 1.175,
      "75%": 4.2005,
      "max": 5.38,
      "skew": 0.6802,
      "kurtosis": 1.7755
    },
    "Others": {
      "count": 1103,
      "mean": 0.2249,
      "std": 0.2167,
      "min": 0.0538,
      "25%": 0.0538,
      "50%": 0.0538,
      "75%": 0.533,
      "max": 0.538,
      "skew": 0.5923,
      "kurtosis": 1.4652
    }
  },
  "overall_statistics": {
    "overall_mean": 1.0,
    "overall_std": 1.3400884548090763,
    "min_weight": 0.053799853387606095,
    "max_weight": 5.379985338760609,
    "num_samples": 9778,
    "num_races": 5
  },
  "fairness_metrics": {
    "max_disparity_ratio": 13.628325991472416,
    "min_disparity_ratio": 0.07337658345922354,
    "mean_disparity": 0.7832108804743719,
    "gini_coefficient": 0.49789506062981476
  }
}