{
  "race_statistics": {
    "African American": {
      "count": 405,
      "mean": 2.0522,
      "std": 0.1001,
      "min": 1.9981,
      "25%": 1.9981,
      "50%": 1.9981,
      "75%": 2.0122,
      "max": 2.2535
    },
    "Asian": {
      "count": 1553,
      "mean": 1.1567,
      "std": 0.1555,
      "min": 1.102,
      "25%": 1.102,
      "50%": 1.102,
      "75%": 1.1054,
      "max": 2.2535
    },
    "Caucasian": {
      "count": 5265,
      "mean": 0.6841,
      "std": 0.0071,
      "min": 0.5699,
      "25%": 0.6856,
      "50%": 0.6856,
      "75%": 0.6856,
      "max": 0.6856
    },
    "Indian": {
      "count": 1452,
      "mean": 1.4754,
      "std": 0.274,
      "min": 1.3456,
      "25%": 1.3456,
      "50%": 1.3456,
      "75%": 1.3908,
      "max": 2.2535
    },
    "Others": {
      "count": 1103,
      "mean": 1.2751,
      "std": 0.0646,
      "min": 0.9654,
      "25%": 1.2422,
      "50%": 1.2961,
      "75%": 1.3316,
      "max": 1.3318
    }
  },
  "overall_statistics": {
    "overall_mean": 1.0,
    "overall_std": 0.40188809951468984,
    "min_weight": 0.5698691595040282,
    "max_weight": 2.2535251985472695,
    "num_samples": 9778,
    "num_races": 5
  },
  "fairness_metrics": {
    "max_mean_weight": 2.0522206533477654,
    "min_mean_weight": 0.6840735511159218,
    "weight_ratio": 3.0,
    "coefficient_of_variation": 0.3749809856382518
  }
}