{
  "total_loss": [
    12.246286579419156,
    2.8287220704312226,
    1.0954801498627176,
    0.579176947033527,
    0.38957092461689397,
    0.2956353721760061,
    0.22068121041722444,
    0.19799348416225035,
    0.12795938718683866,
    0.10168727275592332,
    0.08918775203732812,
    0.04795555189556005,
    0.04756000519407039,
    0.0273920353692101,
    0.03278487650487496,
    0.03034636158572168,
    0.02424081412657183,
    0.024934477830419736,
    0.023981604899983015,
    0.030448731589986355,
    0.02713359380711098,
    0.027861283354613246,
    0.038471670266316864,
    0.025772738228647077,
    0.030589968650316705
  ],
  "ce_loss": [
    12.242284125576214,
    2.8224777624315145,
    1.0881509315602633,
    0.5710061441194646,
    0.3805732576214537,
    0.28630534399512264,
    0.21062486346596296,
    0.18741048980815486,
    0.11640874246061231,
    0.08922600060056292,
    0.07578043348880158,
    0.03354021752602731,
    0.03221555118925927,
    0.011056257932991368,
    0.015361852516544497,
    0.01200001935750406,
    0.004802373654449317,
    0.0048403832642972275,
    0.002874447749533116,
    0.008869377382520057,
    0.0048341559630837565,
    0.0048156757502175376,
    0.014891086566347382,
    0.0022010264732101057,
    0.006690272011633349
  ],
  "fairness_penalty": [
    0.05336630346481593,
    0.08260603728419055,
    0.09474626629024135,
    0.10179558971098492,
    0.10676301070013824,
    0.10445185084732211,
    0.10549277426028739,
    0.10355869802285214,
    0.10518469427313124,
    0.10554447301796505,
    0.1057161714957685,
    0.10603688997881754,
    0.10561207517677423,
    0.10559015191939412,
    0.10620323936549984,
    0.10594027300878447,
    0.10684368592135761,
    0.1056544040842932,
    0.10670592067193012,
    0.10543350455712298,
    0.10584693906866774,
    0.10682962208378072,
    0.10731459339054264,
    0.10587188285224292,
    0.10650080713082333
  ],
  "train_metrics": [
    {
      "per_race_accuracy": {
        "Caucasian": 0.11095305832147938,
        "African American": 0.15615615615615616,
        "Asian": 0.5424679487179487,
        "Indian": 0.46240276577355227,
        "Others": 0.447520184544406
      },
      "accuracy_variance": 0.030744261387537435,
      "accuracy_std": 0.17534041572762804,
      "max_min_gap": 0.4315148903964693
    },
    {
      "per_race_accuracy": {
        "Caucasian": 0.026552868658131817,
        "African American": 0.1981981981981982,
        "Asian": 0.7596153846153846,
        "Indian": 0.6853932584269663,
        "Others": 0.5513264129181085
      },
      "accuracy_variance": 0.08081662648635723,
      "accuracy_std": 0.28428265245413276,
      "max_min_gap": 0.7330625159572528
    },
    {
      "per_race_accuracy": {
        "Caucasian": 0.006401137980085348,
        "African American": 0.36936936936936937,
        "Asian": 0.8477564102564102,
        "Indian": 0.783923941227312,
        "Others": 0.6897347174163783
      },
      "accuracy_variance": 0.09809487124393698,
      "accuracy_std": 0.3132010077313561,
      "max_min_gap": 0.8413552722763249
    },
    {
      "per_race_accuracy": {
        "Caucasian": 0.006401137980085348,
        "African American": 0.5585585585585585,
        "Asian": 0.9038461538461539,
        "Indian": 0.8893690579083837,
        "Others": 0.8362168396770473
      },
      "accuracy_variance": 0.11567494079063918,
      "accuracy_std": 0.3401101891896789,
      "max_min_gap": 0.8974450158660685
    },
    {
      "per_race_accuracy": {
        "Caucasian": 0.005215742057847321,
        "African American": 0.6666666666666666,
        "Asian": 0.9471153846153846,
        "Indian": 0.9386343993085566,
        "Others": 0.8996539792387543
      },
      "accuracy_variance": 0.1282690966491526,
      "accuracy_std": 0.3581467529507319,
      "max_min_gap": 0.9418996425575372
    },
    {
      "per_race_accuracy": {
        "Caucasian": 0.00474158368895211,
        "African American": 0.7957957957957958,
        "Asian": 0.9703525641025641,
        "Indian": 0.9611063094209161,
        "Others": 0.9331026528258363
      },
      "accuracy_variance": 0.13654268613853196,
      "accuracy_std": 0.36951682795040874,
      "max_min_gap": 0.965610980413612
    },
    {
      "per_race_accuracy": {
        "Caucasian": 0.004267425320056899,
        "African American": 0.8948948948948949,
        "Asian": 0.9807692307692307,
        "Indian": 0.9662921348314607,
        "Others": 0.9538638985005767
      },
      "accuracy_variance": 0.1436414129712959,
      "accuracy_std": 0.3790005448166215,
      "max_min_gap": 0.9765018054491739
    },
    {
      "per_race_accuracy": {
        "Caucasian": 0.006164058795637743,
        "African American": 0.924924924924925,
        "Asian": 0.9807692307692307,
        "Indian": 0.9809853068280034,
        "Others": 0.9630911188004614
      },
      "accuracy_variance": 0.14673253638877098,
      "accuracy_std": 0.3830568318001534,
      "max_min_gap": 0.9748212480323657
    },
    {
      "per_race_accuracy": {
        "Caucasian": 0.002844950213371266,
        "African American": 0.963963963963964,
        "Asian": 0.9887820512820513,
        "Indian": 0.9922212618841832,
        "Others": 0.9769319492502884
      },
      "accuracy_variance": 0.15302005163198093,
      "accuracy_std": 0.3911777749719185,
      "max_min_gap": 0.989376311670812
    },
    {
      "per_race_accuracy": {
        "Caucasian": 0.004267425320056899,
        "African American": 0.9669669669669669,
        "Asian": 0.9887820512820513,
        "Indian": 0.989628349178911,
        "Others": 0.9896193771626297
      },
      "accuracy_variance": 0.15357672242954237,
      "accuracy_std": 0.3918886607565245,
      "max_min_gap": 0.9853609238588541
    },
    {
      "per_race_accuracy": {
        "Caucasian": 0.006638217164532954,
        "African American": 0.984984984984985,
        "Asian": 0.9951923076923077,
        "Indian": 0.9948141745894555,
        "Others": 0.9838523644752019
      },
      "accuracy_variance": 0.15465167137411379,
      "accuracy_std": 0.3932577670868228,
      "max_min_gap": 0.9885540905277748
    },
    {
      "per_race_accuracy": {
        "Caucasian": 0.004978662873399715,
        "African American": 0.9819819819819819,
        "Asian": 0.9967948717948718,
        "Indian": 0.9922212618841832,
        "Others": 0.9907727797001153
      },
      "accuracy_variance": 0.15540534768735095,
      "accuracy_std": 0.39421484965352455,
      "max_min_gap": 0.991816208921472
    },
    {
      "per_race_accuracy": {
        "Caucasian": 0.004978662873399715,
        "African American": 0.987987987987988,
        "Asian": 0.999198717948718,
        "Indian": 0.9982713915298185,
        "Others": 0.9930795847750865
      },
      "accuracy_variance": 0.15672309358543385,
      "accuracy_std": 0.39588267654121195,
      "max_min_gap": 0.9942200550753182
    },
    {
      "per_race_accuracy": {
        "Caucasian": 0.005689900426742532,
        "African American": 0.993993993993994,
        "Asian": 0.999198717948718,
        "Indian": 0.9974070872947277,
        "Others": 0.9988465974625144
      },
      "accuracy_variance": 0.15734942590754247,
      "accuracy_std": 0.39667294577213413,
      "max_min_gap": 0.9935088175219754
    },
    {
      "per_race_accuracy": {
        "Caucasian": 0.003793266951161688,
        "African American": 0.990990990990991,
        "Asian": 0.9983974358974359,
        "Indian": 0.9982713915298185,
        "Others": 0.994232987312572
      },
      "accuracy_variance": 0.15735625666383707,
      "accuracy_std": 0.396681555739408,
      "max_min_gap": 0.9946041689462742
    },
    {
      "per_race_accuracy": {
        "Caucasian": 0.006401137980085348,
        "African American": 0.993993993993994,
        "Asian": 0.9967948717948718,
        "Indian": 0.9982713915298185,
        "Others": 0.9930795847750865
      },